[{"model": "contenttypes.contenttype", "pk": 1, "fields": {"app_label": "admin", "model": "logentry"}}, {"model": "contenttypes.contenttype", "pk": 2, "fields": {"app_label": "auth", "model": "permission"}}, {"model": "contenttypes.contenttype", "pk": 3, "fields": {"app_label": "auth", "model": "group"}}, {"model": "contenttypes.contenttype", "pk": 4, "fields": {"app_label": "contenttypes", "model": "contenttype"}}, {"model": "contenttypes.contenttype", "pk": 5, "fields": {"app_label": "sessions", "model": "session"}}, {"model": "contenttypes.contenttype", "pk": 6, "fields": {"app_label": "hasker", "model": "haskeruser"}}, {"model": "contenttypes.contenttype", "pk": 7, "fields": {"app_label": "hasker", "model": "tag"}}, {"model": "contenttypes.contenttype", "pk": 8, "fields": {"app_label": "hasker", "model": "question"}}, {"model": "contenttypes.contenttype", "pk": 9, "fields": {"app_label": "hasker", "model": "answer"}}, {"model": "sessions.session", "pk": "ls9ppepo436xza3uhj8kcz8fbq5ytwer", "fields": {"session_data": "MGQ5MjAyMmUzNzlmYzU1ODc3ZGY2MmUyOTgzMmU0Mjc3NWIxODAzYzp7Il9hdXRoX3VzZXJfaWQiOiI5IiwiX2F1dGhfdXNlcl9iYWNrZW5kIjoiZGphbmdvLmNvbnRyaWIuYXV0aC5iYWNrZW5kcy5Nb2RlbEJhY2tlbmQiLCJfYXV0aF91c2VyX2hhc2giOiI1ZjI4NjZjYzhmYjRiYTg1ZWU3OGVlNTg0MWI0M2IzMmY3YWU2MjNiIn0=", "expire_date": "2019-09-23T19:24:04.484Z"}}, {"model": "hasker.tag", "pk": 1, "fields": {"name": "python"}}, {"model": "hasker.tag", "pk": 2, "fields": {"name": "CS"}}, {"model": "hasker.tag", "pk": 14, "fields": {"name": "zombies"}}, {"model": "hasker.tag", "pk": 15, "fields": {"name": "candies"}}, {"model": "hasker.tag", "pk": 16, "fields": {"name": "party"}}, {"model": "hasker.tag", "pk": 17, "fields": {"name": "management"}}, {"model": "hasker.tag", "pk": 18, "fields": {"name": "dad"}}, {"model": "hasker.tag", "pk": 19, "fields": {"name": "42"}}, {"model": "hasker.tag", "pk": 20, "fields": {"name": "parents"}}, {"model": "hasker.tag", "pk": 21, "fields": {"name": "good"}}, {"model": "hasker.tag", "pk": 22, "fields": {"name": "evil"}}, {"model": "hasker.tag", "pk": 23, "fields": {"name": "fight"}}, {"model": "hasker.tag", "pk": 24, "fields": {"name": "ikrocks"}}, {"model": "hasker.tag", "pk": 25, "fields": {"name": "ice"}}, {"model": "hasker.tag", "pk": 26, "fields": {"name": "cool"}}, {"model": "hasker.tag", "pk": 27, "fields": {"name": "gunts"}}, {"model": "hasker.tag", "pk": 28, "fields": {"name": "best"}}, {"model": "hasker.tag", "pk": 29, "fields": {"name": "friend"}}, {"model": "hasker.tag", "pk": 30, "fields": {"name": "java"}}, {"model": "hasker.tag", "pk": 31, "fields": {"name": "js"}}, {"model": "hasker.tag", "pk": 32, "fields": {"name": "olds"}}, {"model": "auth.permission", "pk": 1, "fields": {"name": "Can add log entry", "content_type": 1, "codename": "add_logentry"}}, {"model": "auth.permission", "pk": 2, "fields": {"name": "Can change log entry", "content_type": 1, "codename": "change_logentry"}}, {"model": "auth.permission", "pk": 3, "fields": {"name": "Can delete log entry", "content_type": 1, "codename": "delete_logentry"}}, {"model": "auth.permission", "pk": 4, "fields": {"name": "Can view log entry", "content_type": 1, "codename": "view_logentry"}}, {"model": "auth.permission", "pk": 5, "fields": {"name": "Can add permission", "content_type": 2, "codename": "add_permission"}}, {"model": "auth.permission", "pk": 6, "fields": {"name": "Can change permission", "content_type": 2, "codename": "change_permission"}}, {"model": "auth.permission", "pk": 7, "fields": {"name": "Can delete permission", "content_type": 2, "codename": "delete_permission"}}, {"model": "auth.permission", "pk": 8, "fields": {"name": "Can view permission", "content_type": 2, "codename": "view_permission"}}, {"model": "auth.permission", "pk": 9, "fields": {"name": "Can add group", "content_type": 3, "codename": "add_group"}}, {"model": "auth.permission", "pk": 10, "fields": {"name": "Can change group", "content_type": 3, "codename": "change_group"}}, {"model": "auth.permission", "pk": 11, "fields": {"name": "Can delete group", "content_type": 3, "codename": "delete_group"}}, {"model": "auth.permission", "pk": 12, "fields": {"name": "Can view group", "content_type": 3, "codename": "view_group"}}, {"model": "auth.permission", "pk": 13, "fields": {"name": "Can add content type", "content_type": 4, "codename": "add_contenttype"}}, {"model": "auth.permission", "pk": 14, "fields": {"name": "Can change content type", "content_type": 4, "codename": "change_contenttype"}}, {"model": "auth.permission", "pk": 15, "fields": {"name": "Can delete content type", "content_type": 4, "codename": "delete_contenttype"}}, {"model": "auth.permission", "pk": 16, "fields": {"name": "Can view content type", "content_type": 4, "codename": "view_contenttype"}}, {"model": "auth.permission", "pk": 17, "fields": {"name": "Can add session", "content_type": 5, "codename": "add_session"}}, {"model": "auth.permission", "pk": 18, "fields": {"name": "Can change session", "content_type": 5, "codename": "change_session"}}, {"model": "auth.permission", "pk": 19, "fields": {"name": "Can delete session", "content_type": 5, "codename": "delete_session"}}, {"model": "auth.permission", "pk": 20, "fields": {"name": "Can view session", "content_type": 5, "codename": "view_session"}}, {"model": "auth.permission", "pk": 21, "fields": {"name": "Can add user", "content_type": 6, "codename": "add_haskeruser"}}, {"model": "auth.permission", "pk": 22, "fields": {"name": "Can change user", "content_type": 6, "codename": "change_haskeruser"}}, {"model": "auth.permission", "pk": 23, "fields": {"name": "Can delete user", "content_type": 6, "codename": "delete_haskeruser"}}, {"model": "auth.permission", "pk": 24, "fields": {"name": "Can view user", "content_type": 6, "codename": "view_haskeruser"}}, {"model": "auth.permission", "pk": 25, "fields": {"name": "Can add tag", "content_type": 7, "codename": "add_tag"}}, {"model": "auth.permission", "pk": 26, "fields": {"name": "Can change tag", "content_type": 7, "codename": "change_tag"}}, {"model": "auth.permission", "pk": 27, "fields": {"name": "Can delete tag", "content_type": 7, "codename": "delete_tag"}}, {"model": "auth.permission", "pk": 28, "fields": {"name": "Can view tag", "content_type": 7, "codename": "view_tag"}}, {"model": "auth.permission", "pk": 29, "fields": {"name": "Can add question", "content_type": 8, "codename": "add_question"}}, {"model": "auth.permission", "pk": 30, "fields": {"name": "Can change question", "content_type": 8, "codename": "change_question"}}, {"model": "auth.permission", "pk": 31, "fields": {"name": "Can delete question", "content_type": 8, "codename": "delete_question"}}, {"model": "auth.permission", "pk": 32, "fields": {"name": "Can view question", "content_type": 8, "codename": "view_question"}}, {"model": "auth.permission", "pk": 33, "fields": {"name": "Can add answer", "content_type": 9, "codename": "add_answer"}}, {"model": "auth.permission", "pk": 34, "fields": {"name": "Can change answer", "content_type": 9, "codename": "change_answer"}}, {"model": "auth.permission", "pk": 35, "fields": {"name": "Can delete answer", "content_type": 9, "codename": "delete_answer"}}, {"model": "auth.permission", "pk": 36, "fields": {"name": "Can view answer", "content_type": 9, "codename": "view_answer"}}, {"model": "hasker.haskeruser", "pk": 1, "fields": {"password": "pbkdf2_sha256$150000$S6f9JU3xPjgy$gMeO3MFUNHO9C2bPrPNJ95jMjLHIzPDoxpubfi/mbYQ=", "last_login": "2019-09-09T18:53:21.154Z", "is_superuser": true, "username": "admin", "first_name": "", "last_name": "", "email": "", "is_staff": true, "is_active": true, "date_joined": "2019-08-26T17:08:21.024Z", "avatar": "", "groups": [], "user_permissions": []}}, {"model": "hasker.haskeruser", "pk": 9, "fields": {"password": "pbkdf2_sha256$150000$KmQFTCvH9quf$yflsnKWckj20fFpPXl1rw6oBNiE4ECSYiP5p//vye1A=", "last_login": "2019-09-09T19:24:04.481Z", "is_superuser": false, "username": "jake", "first_name": "", "last_name": "", "email": "jake@treehouse.com", "is_staff": false, "is_active": true, "date_joined": "2019-08-29T19:36:09.359Z", "avatar": "profile_images/Jake_BvEwCUF.png", "groups": [], "user_permissions": []}}, {"model": "hasker.haskeruser", "pk": 10, "fields": {"password": "pbkdf2_sha256$150000$6tdknO22fD9t$WiElJJLTy5TQSM9fvfggU8CFH5Bru76KDzOeqNT5yGc=", "last_login": "2019-09-09T19:06:53.356Z", "is_superuser": false, "username": "Finn", "first_name": "", "last_name": "", "email": "finn@treehouse.com", "is_staff": false, "is_active": true, "date_joined": "2019-08-29T19:49:50.497Z", "avatar": "profile_images/finn.png", "groups": [], "user_permissions": []}}, {"model": "hasker.haskeruser", "pk": 13, "fields": {"password": "pbkdf2_sha256$150000$a0euyR2J3O6g$+849dsLFoOB1N2ad//KESVIUwf6tnaJ61mQWkZ386IY=", "last_login": "2019-09-09T19:18:13.270Z", "is_superuser": false, "username": "PB", "first_name": "", "last_name": "", "email": "pb@candykingdom.com", "is_staff": false, "is_active": true, "date_joined": "2019-08-31T19:30:34.610Z", "avatar": "profile_images/pb_hWEmRey.png", "groups": [], "user_permissions": []}}, {"model": "hasker.haskeruser", "pk": 14, "fields": {"password": "pbkdf2_sha256$150000$vR6p3nwMl5HG$UXljMyBl/1TcDfmJJMrgXr+BmJohBXIMFZwfZFhoW9M=", "last_login": "2019-09-09T19:16:18.730Z", "is_superuser": false, "username": "marceline", "first_name": "", "last_name": "", "email": "marceline@cave.com", "is_staff": false, "is_active": true, "date_joined": "2019-09-02T13:27:30.576Z", "avatar": "profile_images/marceline_lOkr7eb.png", "groups": [], "user_permissions": []}}, {"model": "hasker.haskeruser", "pk": 16, "fields": {"password": "pbkdf2_sha256$150000$6RmIIxI2Jmao$fM6Q+RZXe9Q3mm5kTe8NGvQzFbHyeNcSCCWE+WU2c3Q=", "last_login": "2019-09-09T19:11:55.252Z", "is_superuser": false, "username": "Pep_But", "first_name": "", "last_name": "", "email": "evilone@nightsphere.com", "is_staff": false, "is_active": true, "date_joined": "2019-09-09T18:54:45.118Z", "avatar": "profile_images/Peps.png", "groups": [], "user_permissions": []}}, {"model": "hasker.haskeruser", "pk": 17, "fields": {"password": "pbkdf2_sha256$150000$oim9CHfu2rm8$nSHFTHN/OO0d+yd/F2xLYCzQje75pwu5E/6vM3CEZ9Q=", "last_login": "2019-09-09T19:14:21.458Z", "is_superuser": false, "username": "ice_king", "first_name": "", "last_name": "", "email": "ik@icepeak.com", "is_staff": false, "is_active": true, "date_joined": "2019-09-09T18:58:59.855Z", "avatar": "profile_images/iceking.png", "groups": [], "user_permissions": []}}, {"model": "hasker.haskeruser", "pk": 18, "fields": {"password": "pbkdf2_sha256$150000$7kApPyKkKsTy$jLTkhOZPFifxS6ITDKTuC4YVp0BQ8PyEvccAViT/O4U=", "last_login": "2019-09-09T19:22:55.804Z", "is_superuser": false, "username": "Gunter", "first_name": "", "last_name": "", "email": "gunter@icepeak.com", "is_staff": false, "is_active": true, "date_joined": "2019-09-09T19:02:38.896Z", "avatar": "profile_images/gunter.png", "groups": [], "user_permissions": []}}, {"model": "hasker.haskeruser", "pk": 19, "fields": {"password": "pbkdf2_sha256$150000$9Xch111m3E5H$vMMmkDmIyIR9yohogu8cvyrvfm4k/fPWDqmFkRm2WMM=", "last_login": "2019-09-09T19:19:27.613Z", "is_superuser": false, "username": "FlamePrincess", "first_name": "", "last_name": "", "email": "fp@vulcano.com", "is_staff": false, "is_active": true, "date_joined": "2019-09-09T19:19:23.106Z", "avatar": "profile_images/fp.png", "groups": [], "user_permissions": []}}, {"model": "hasker.question", "pk": 37, "fields": {"votes": 3, "title": "How to finish decorpsinator serum?", "content": "I need the last figure to finish my decorpsinator serum to save my citizens! Hurry guys, they almost broke my lab's door!!!", "author": 13, "asked_date": "2019-09-09T18:39:56.798Z", "up_votes": [9, 10, 14, 16], "down_votes": [17], "tags": [14, 15, 16]}}, {"model": "hasker.question", "pk": 38, "fields": {"votes": 2, "title": "How to be a good manager", "content": "I am not sure i am doing ok with kingdom management. Sometimes I feel cold to my citizens and want to improve my kingdom and show some love and care to them. What is your advices?", "author": 13, "asked_date": "2019-09-09T18:43:11.026Z", "up_votes": [9, 10, 14], "down_votes": [16], "tags": [17]}}, {"model": "hasker.question", "pk": 39, "fields": {"votes": 3, "title": "Where is my fries?", "content": "Daddy, why did you eat my fries?", "author": 14, "asked_date": "2019-09-09T18:45:47.537Z", "up_votes": [9, 10, 17], "down_votes": [], "tags": [18, 19, 20]}}, {"model": "hasker.question", "pk": 40, "fields": {"votes": 5, "title": "How to beat Leach?", "content": "he is really evil and tough, what is his weak point?", "author": 10, "asked_date": "2019-09-09T18:50:19.045Z", "up_votes": [9, 10, 13, 17, 19], "down_votes": [], "tags": [21, 22, 23]}}, {"model": "hasker.question", "pk": 41, "fields": {"votes": -5, "title": "Am I the coolest dude in Ooo?", "content": "Am I?", "author": 17, "asked_date": "2019-09-09T19:01:23.339Z", "up_votes": [17], "down_votes": [9, 10, 13, 14, 16, 19], "tags": [24, 25, 26]}}, {"model": "hasker.question", "pk": 42, "fields": {"votes": 0, "title": "Where is Gunter?", "content": "Where are you, Gunts?", "author": 17, "asked_date": "2019-09-09T19:02:07.143Z", "up_votes": [17], "down_votes": [10], "tags": [27, 28, 29]}}, {"model": "hasker.question", "pk": 43, "fields": {"votes": 7, "title": "What CS language will help you in your adventures?", "content": "There are a lot of old computers in ancient ruins, so i decided to learn something new. What language is the best?", "author": 10, "asked_date": "2019-09-09T19:09:56.016Z", "up_votes": [9, 10, 14, 16, 17, 18, 19], "down_votes": [], "tags": [1, 30, 31]}}, {"model": "hasker.question", "pk": 44, "fields": {"votes": 2, "title": "How to make friends with father?", "content": "He is evil and old, I don't get him, but i am trying!", "author": 19, "asked_date": "2019-09-09T19:21:08.417Z", "up_votes": [18, 19], "down_votes": [], "tags": [20, 32]}}, {"model": "hasker.answer", "pk": 29, "fields": {"votes": 1, "content": "Just be yourself, Bonnie", "author": 14, "answered_date": "2019-09-09T18:44:35.185Z", "is_correct": false, "question": 38, "up_votes": [9], "down_votes": []}}, {"model": "hasker.answer", "pk": 30, "fields": {"votes": 1, "content": "Marceline, you really should forgive your father!", "author": 10, "answered_date": "2019-09-09T18:46:57.592Z", "is_correct": false, "question": 39, "up_votes": [9, 16], "down_votes": [17]}}, {"model": "hasker.answer", "pk": 31, "fields": {"votes": 2, "content": "OMG, your gourds asks me 2 + 2, WTF?", "author": 10, "answered_date": "2019-09-09T18:47:58.097Z", "is_correct": false, "question": 37, "up_votes": [14, 16], "down_votes": []}}, {"model": "hasker.answer", "pk": 32, "fields": {"votes": 2, "content": "I can stretch and grab him! So you can cut his head! Boom!", "author": 9, "answered_date": "2019-09-09T18:51:40.696Z", "is_correct": false, "question": 40, "up_votes": [14, 17], "down_votes": []}}, {"model": "hasker.answer", "pk": 33, "fields": {"votes": 0, "content": "Hmmmm I don't know", "author": 9, "answered_date": "2019-09-09T18:52:02.246Z", "is_correct": false, "question": 37, "up_votes": [], "down_votes": []}}, {"model": "hasker.answer", "pk": 34, "fields": {"votes": -2, "content": "What is worse then one vampire? Two!", "author": 9, "answered_date": "2019-09-09T18:52:52.978Z", "is_correct": false, "question": 39, "up_votes": [], "down_votes": [17, 19]}}, {"model": "hasker.answer", "pk": 35, "fields": {"votes": -2, "content": "Isthay isay anay examplay ofay Oghay Atinlay!", "author": 16, "answered_date": "2019-09-09T18:56:01.817Z", "is_correct": false, "question": 37, "up_votes": [], "down_votes": [10, 14]}}, {"model": "hasker.answer", "pk": 36, "fields": {"votes": 0, "content": "Citizens must obey, your highness! You should NOT care", "author": 16, "answered_date": "2019-09-09T18:56:49.524Z", "is_correct": false, "question": 38, "up_votes": [], "down_votes": []}}, {"model": "hasker.answer", "pk": 37, "fields": {"votes": -3, "content": "Use the power of nightsphere!", "author": 16, "answered_date": "2019-09-09T18:57:17.507Z", "is_correct": false, "question": 40, "up_votes": [], "down_votes": [9, 17, 19]}}, {"model": "hasker.answer", "pk": 38, "fields": {"votes": 1, "content": "I can call your dad, so you ask him", "author": 16, "answered_date": "2019-09-09T18:57:51.975Z", "is_correct": false, "question": 39, "up_votes": [19], "down_votes": []}}, {"model": "hasker.answer", "pk": 39, "fields": {"votes": -1, "content": "Oh baby don't be sad, come to me ^^", "author": 17, "answered_date": "2019-09-09T18:59:55.535Z", "is_correct": false, "question": 39, "up_votes": [17], "down_votes": [9, 19]}}, {"model": "hasker.answer", "pk": 40, "fields": {"votes": -2, "content": "Gak, gak gak! Gak!", "author": 18, "answered_date": "2019-09-09T19:05:20.911Z", "is_correct": false, "question": 42, "up_votes": [], "down_votes": [17, 18]}}, {"model": "hasker.answer", "pk": 41, "fields": {"votes": 1, "content": "Gak =)", "author": 18, "answered_date": "2019-09-09T19:05:32.422Z", "is_correct": false, "question": 42, "up_votes": [18], "down_votes": []}}, {"model": "hasker.answer", "pk": 42, "fields": {"votes": 3, "content": "Gak gak! Gak gak gak gak...", "author": 18, "answered_date": "2019-09-09T19:05:48.565Z", "is_correct": false, "question": 42, "up_votes": [16, 17, 18], "down_votes": []}}, {"model": "hasker.answer", "pk": 43, "fields": {"votes": 1, "content": "Gak gak?", "author": 18, "answered_date": "2019-09-09T19:05:57.115Z", "is_correct": false, "question": 42, "up_votes": [18], "down_votes": []}}, {"model": "hasker.answer", "pk": 44, "fields": {"votes": 0, "content": "Come on Ice King ...", "author": 10, "answered_date": "2019-09-09T19:07:10.973Z", "is_correct": false, "question": 42, "up_votes": [], "down_votes": []}}, {"model": "hasker.answer", "pk": 45, "fields": {"votes": 5, "content": "No ...", "author": 10, "answered_date": "2019-09-09T19:07:27.601Z", "is_correct": false, "question": 41, "up_votes": [9, 13, 14, 16, 19], "down_votes": []}}, {"model": "hasker.answer", "pk": 46, "fields": {"votes": -1, "content": "Only js and css - it can stretch almost like me!", "author": 9, "answered_date": "2019-09-09T19:10:46.364Z", "is_correct": false, "question": 43, "up_votes": [], "down_votes": [16]}}, {"model": "hasker.answer", "pk": 47, "fields": {"votes": 4, "content": "Absolutely NO!", "author": 9, "answered_date": "2019-09-09T19:11:00.917Z", "is_correct": false, "question": 41, "up_votes": [13, 14, 16, 19], "down_votes": []}}, {"model": "hasker.answer", "pk": 48, "fields": {"votes": 3, "content": "Python, it has some dark magic!", "author": 16, "answered_date": "2019-09-09T19:12:21.782Z", "is_correct": false, "question": 43, "up_votes": [13, 14, 16], "down_votes": []}}, {"model": "hasker.answer", "pk": 49, "fields": {"votes": 0, "content": "Agree with Peps, python is good for my data science projects!", "author": 13, "answered_date": "2019-09-09T19:13:52.699Z", "is_correct": false, "question": 43, "up_votes": [], "down_votes": []}}, {"model": "hasker.answer", "pk": 50, "fields": {"votes": 2, "content": "C, cause it is in iCe and Cool", "author": 17, "answered_date": "2019-09-09T19:15:12.726Z", "is_correct": false, "question": 43, "up_votes": [17, 18], "down_votes": []}}, {"model": "hasker.answer", "pk": 51, "fields": {"votes": 0, "content": "Princess what about to leave this losers and come with me?", "author": 17, "answered_date": "2019-09-09T19:16:04.957Z", "is_correct": false, "question": 37, "up_votes": [17], "down_votes": [14]}}, {"model": "hasker.answer", "pk": 52, "fields": {"votes": 0, "content": "definitely python, snakes have tongues like mine!", "author": 14, "answered_date": "2019-09-09T19:17:50.946Z", "is_correct": false, "question": 43, "up_votes": [], "down_votes": []}}, {"model": "hasker.answer", "pk": 53, "fields": {"votes": 0, "content": "Ruby, cause it is red as me!", "author": 19, "answered_date": "2019-09-09T19:19:50.346Z", "is_correct": false, "question": 43, "up_votes": [], "down_votes": []}}, {"model": "hasker.answer", "pk": 54, "fields": {"votes": 0, "content": "Gak!", "author": 18, "answered_date": "2019-09-09T19:23:02.263Z", "is_correct": false, "question": 44, "up_votes": [], "down_votes": []}}, {"model": "hasker.answer", "pk": 55, "fields": {"votes": 0, "content": "Gak!", "author": 18, "answered_date": "2019-09-09T19:23:22.649Z", "is_correct": false, "question": 43, "up_votes": [], "down_votes": []}}, {"model": "admin.logentry", "pk": 1, "fields": {"action_time": "2019-08-26T17:39:09.924Z", "user": 1, "content_type": 6, "object_id": "2", "object_repr": "igor", "action_flag": 1, "change_message": "[{\"added\": {}}]"}}, {"model": "admin.logentry", "pk": 2, "fields": {"action_time": "2019-08-29T12:52:34.730Z", "user": 1, "content_type": 6, "object_id": "3", "object_repr": "bla", "action_flag": 3, "change_message": ""}}, {"model": "admin.logentry", "pk": 3, "fields": {"action_time": "2019-08-29T12:52:34.735Z", "user": 1, "content_type": 6, "object_id": "2", "object_repr": "igor", "action_flag": 3, "change_message": ""}}, {"model": "admin.logentry", "pk": 4, "fields": {"action_time": "2019-08-29T12:52:34.737Z", "user": 1, "content_type": 6, "object_id": "4", "object_repr": "jake", "action_flag": 3, "change_message": ""}}, {"model": "admin.logentry", "pk": 5, "fields": {"action_time": "2019-08-29T13:06:38.043Z", "user": 1, "content_type": 6, "object_id": "5", "object_repr": "jake", "action_flag": 3, "change_message": ""}}, {"model": "admin.logentry", "pk": 6, "fields": {"action_time": "2019-08-29T13:12:07.499Z", "user": 1, "content_type": 6, "object_id": "6", "object_repr": "jake", "action_flag": 3, "change_message": ""}}, {"model": "admin.logentry", "pk": 7, "fields": {"action_time": "2019-08-29T13:14:04.974Z", "user": 1, "content_type": 6, "object_id": "7", "object_repr": "jake", "action_flag": 3, "change_message": ""}}, {"model": "admin.logentry", "pk": 8, "fields": {"action_time": "2019-08-29T19:34:43.268Z", "user": 1, "content_type": 6, "object_id": "8", "object_repr": "jake", "action_flag": 3, "change_message": ""}}, {"model": "admin.logentry", "pk": 9, "fields": {"action_time": "2019-08-31T18:56:06.235Z", "user": 1, "content_type": 6, "object_id": "11", "object_repr": "pb", "action_flag": 3, "change_message": ""}}, {"model": "admin.logentry", "pk": 10, "fields": {"action_time": "2019-09-08T09:30:45.705Z", "user": 1, "content_type": 7, "object_id": "4", "object_repr": "aaasss", "action_flag": 3, "change_message": ""}}, {"model": "admin.logentry", "pk": 11, "fields": {"action_time": "2019-09-08T09:30:45.707Z", "user": 1, "content_type": 7, "object_id": "3", "object_repr": "aaaa", "action_flag": 3, "change_message": ""}}, {"model": "admin.logentry", "pk": 12, "fields": {"action_time": "2019-09-08T10:00:05.648Z", "user": 1, "content_type": 8, "object_id": "32", "object_repr": "double python", "action_flag": 3, "change_message": ""}}, {"model": "admin.logentry", "pk": 13, "fields": {"action_time": "2019-09-08T10:00:05.651Z", "user": 1, "content_type": 8, "object_id": "31", "object_repr": "oh my", "action_flag": 3, "change_message": ""}}, {"model": "admin.logentry", "pk": 14, "fields": {"action_time": "2019-09-08T10:00:05.653Z", "user": 1, "content_type": 8, "object_id": "30", "object_repr": "1223", "action_flag": 3, "change_message": ""}}, {"model": "admin.logentry", "pk": 15, "fields": {"action_time": "2019-09-08T10:00:05.655Z", "user": 1, "content_type": 8, "object_id": "29", "object_repr": "aaaaa", "action_flag": 3, "change_message": ""}}, {"model": "admin.logentry", "pk": 16, "fields": {"action_time": "2019-09-08T10:00:05.656Z", "user": 1, "content_type": 8, "object_id": "28", "object_repr": "vad", "action_flag": 3, "change_message": ""}}, {"model": "admin.logentry", "pk": 17, "fields": {"action_time": "2019-09-08T10:00:05.657Z", "user": 1, "content_type": 8, "object_id": "27", "object_repr": "aaaaa", "action_flag": 3, "change_message": ""}}, {"model": "admin.logentry", "pk": 18, "fields": {"action_time": "2019-09-08T10:00:05.659Z", "user": 1, "content_type": 8, "object_id": "26", "object_repr": "aaaaa", "action_flag": 3, "change_message": ""}}, {"model": "admin.logentry", "pk": 19, "fields": {"action_time": "2019-09-08T10:00:05.660Z", "user": 1, "content_type": 8, "object_id": "25", "object_repr": "some tagged question", "action_flag": 3, "change_message": ""}}, {"model": "admin.logentry", "pk": 20, "fields": {"action_time": "2019-09-08T10:41:51.369Z", "user": 1, "content_type": 8, "object_id": "35", "object_repr": "long", "action_flag": 3, "change_message": ""}}, {"model": "admin.logentry", "pk": 21, "fields": {"action_time": "2019-09-08T11:51:11.725Z", "user": 1, "content_type": 6, "object_id": "12", "object_repr": "", "action_flag": 3, "change_message": ""}}, {"model": "admin.logentry", "pk": 22, "fields": {"action_time": "2019-09-08T11:51:11.727Z", "user": 1, "content_type": 6, "object_id": "15", "object_repr": "test_user", "action_flag": 3, "change_message": ""}}, {"model": "admin.logentry", "pk": 23, "fields": {"action_time": "2019-09-09T18:30:37.388Z", "user": 1, "content_type": 8, "object_id": "36", "object_repr": "asdasdasdasdadsadsasdads asdadsadsasdadsas sadasdadsasdadsasdadsasdads asd", "action_flag": 3, "change_message": ""}}, {"model": "admin.logentry", "pk": 24, "fields": {"action_time": "2019-09-09T18:30:37.392Z", "user": 1, "content_type": 8, "object_id": "34", "object_repr": "test_python_page", "action_flag": 3, "change_message": ""}}, {"model": "admin.logentry", "pk": 25, "fields": {"action_time": "2019-09-09T18:30:37.395Z", "user": 1, "content_type": 8, "object_id": "33", "object_repr": "test_python_page", "action_flag": 3, "change_message": ""}}, {"model": "admin.logentry", "pk": 26, "fields": {"action_time": "2019-09-09T18:30:37.396Z", "user": 1, "content_type": 8, "object_id": "24", "object_repr": "some tagged question", "action_flag": 3, "change_message": ""}}, {"model": "admin.logentry", "pk": 27, "fields": {"action_time": "2019-09-09T18:30:37.398Z", "user": 1, "content_type": 8, "object_id": "23", "object_repr": "some tagged question", "action_flag": 3, "change_message": ""}}, {"model": "admin.logentry", "pk": 28, "fields": {"action_time": "2019-09-09T18:30:37.399Z", "user": 1, "content_type": 8, "object_id": "22", "object_repr": "zzzzz", "action_flag": 3, "change_message": ""}}, {"model": "admin.logentry", "pk": 29, "fields": {"action_time": "2019-09-09T18:30:37.401Z", "user": 1, "content_type": 8, "object_id": "21", "object_repr": "fff", "action_flag": 3, "change_message": ""}}, {"model": "admin.logentry", "pk": 30, "fields": {"action_time": "2019-09-09T18:30:37.403Z", "user": 1, "content_type": 8, "object_id": "20", "object_repr": "aaaaa", "action_flag": 3, "change_message": ""}}, {"model": "admin.logentry", "pk": 31, "fields": {"action_time": "2019-09-09T18:30:37.404Z", "user": 1, "content_type": 8, "object_id": "19", "object_repr": "aaaa", "action_flag": 3, "change_message": ""}}, {"model": "admin.logentry", "pk": 32, "fields": {"action_time": "2019-09-09T18:30:37.406Z", "user": 1, "content_type": 8, "object_id": "18", "object_repr": "111", "action_flag": 3, "change_message": ""}}, {"model": "admin.logentry", "pk": 33, "fields": {"action_time": "2019-09-09T18:30:37.407Z", "user": 1, "content_type": 8, "object_id": "17", "object_repr": "c21132", "action_flag": 3, "change_message": ""}}, {"model": "admin.logentry", "pk": 34, "fields": {"action_time": "2019-09-09T18:30:37.409Z", "user": 1, "content_type": 8, "object_id": "16", "object_repr": "very new question", "action_flag": 3, "change_message": ""}}, {"model": "admin.logentry", "pk": 35, "fields": {"action_time": "2019-09-09T18:30:37.412Z", "user": 1, "content_type": 8, "object_id": "15", "object_repr": "Some question", "action_flag": 3, "change_message": ""}}, {"model": "admin.logentry", "pk": 36, "fields": {"action_time": "2019-09-09T18:30:37.413Z", "user": 1, "content_type": 8, "object_id": "14", "object_repr": "blabla_python", "action_flag": 3, "change_message": ""}}, {"model": "admin.logentry", "pk": 37, "fields": {"action_time": "2019-09-09T18:30:37.415Z", "user": 1, "content_type": 8, "object_id": "13", "object_repr": "qwerqwer", "action_flag": 3, "change_message": ""}}, {"model": "admin.logentry", "pk": 38, "fields": {"action_time": "2019-09-09T18:30:37.416Z", "user": 1, "content_type": 8, "object_id": "12", "object_repr": "qwerqwer", "action_flag": 3, "change_message": ""}}, {"model": "admin.logentry", "pk": 39, "fields": {"action_time": "2019-09-09T18:30:37.418Z", "user": 1, "content_type": 8, "object_id": "11", "object_repr": "qwerqwer", "action_flag": 3, "change_message": ""}}, {"model": "admin.logentry", "pk": 40, "fields": {"action_time": "2019-09-09T18:30:37.419Z", "user": 1, "content_type": 8, "object_id": "10", "object_repr": "qwerqwer", "action_flag": 3, "change_message": ""}}, {"model": "admin.logentry", "pk": 41, "fields": {"action_time": "2019-09-09T18:30:37.421Z", "user": 1, "content_type": 8, "object_id": "9", "object_repr": "qwerqwer", "action_flag": 3, "change_message": ""}}, {"model": "admin.logentry", "pk": 42, "fields": {"action_time": "2019-09-09T18:30:37.423Z", "user": 1, "content_type": 8, "object_id": "8", "object_repr": "qwerqwer", "action_flag": 3, "change_message": ""}}, {"model": "admin.logentry", "pk": 43, "fields": {"action_time": "2019-09-09T18:30:37.424Z", "user": 1, "content_type": 8, "object_id": "7", "object_repr": "1234", "action_flag": 3, "change_message": ""}}, {"model": "admin.logentry", "pk": 44, "fields": {"action_time": "2019-09-09T18:30:37.426Z", "user": 1, "content_type": 8, "object_id": "6", "object_repr": "5", "action_flag": 3, "change_message": ""}}, {"model": "admin.logentry", "pk": 45, "fields": {"action_time": "2019-09-09T18:30:37.428Z", "user": 1, "content_type": 8, "object_id": "5", "object_repr": "4", "action_flag": 3, "change_message": ""}}, {"model": "admin.logentry", "pk": 46, "fields": {"action_time": "2019-09-09T18:30:37.430Z", "user": 1, "content_type": 8, "object_id": "4", "object_repr": "3", "action_flag": 3, "change_message": ""}}, {"model": "admin.logentry", "pk": 47, "fields": {"action_time": "2019-09-09T18:30:37.431Z", "user": 1, "content_type": 8, "object_id": "3", "object_repr": "2a", "action_flag": 3, "change_message": ""}}, {"model": "admin.logentry", "pk": 48, "fields": {"action_time": "2019-09-09T18:30:37.433Z", "user": 1, "content_type": 8, "object_id": "2", "object_repr": "1", "action_flag": 3, "change_message": ""}}, {"model": "admin.logentry", "pk": 49, "fields": {"action_time": "2019-09-09T18:30:37.435Z", "user": 1, "content_type": 8, "object_id": "1", "object_repr": "asdasd", "action_flag": 3, "change_message": ""}}, {"model": "admin.logentry", "pk": 50, "fields": {"action_time": "2019-09-09T18:30:54.264Z", "user": 1, "content_type": 7, "object_id": "13", "object_repr": "aaaaaaaaaa1111111aaaaaaaaaa111111111aaaaaaaaaa111111111aaaaaaaaaa111111111aaaaaaaaaa111111111aaaaaaaaaa111111111aaaaaaaaaa111111", "action_flag": 3, "change_message": ""}}, {"model": "admin.logentry", "pk": 51, "fields": {"action_time": "2019-09-09T18:30:54.267Z", "user": 1, "content_type": 7, "object_id": "12", "object_repr": "bla", "action_flag": 3, "change_message": ""}}, {"model": "admin.logentry", "pk": 52, "fields": {"action_time": "2019-09-09T18:30:54.269Z", "user": 1, "content_type": 7, "object_id": "11", "object_repr": "css", "action_flag": 3, "change_message": ""}}, {"model": "admin.logentry", "pk": 53, "fields": {"action_time": "2019-09-09T18:30:54.270Z", "user": 1, "content_type": 7, "object_id": "10", "object_repr": "tag4", "action_flag": 3, "change_message": ""}}, {"model": "admin.logentry", "pk": 54, "fields": {"action_time": "2019-09-09T18:30:54.272Z", "user": 1, "content_type": 7, "object_id": "9", "object_repr": "tag3", "action_flag": 3, "change_message": ""}}, {"model": "admin.logentry", "pk": 55, "fields": {"action_time": "2019-09-09T18:30:54.273Z", "user": 1, "content_type": 7, "object_id": "8", "object_repr": "tag2", "action_flag": 3, "change_message": ""}}, {"model": "admin.logentry", "pk": 56, "fields": {"action_time": "2019-09-09T18:30:54.274Z", "user": 1, "content_type": 7, "object_id": "7", "object_repr": "tag1", "action_flag": 3, "change_message": ""}}, {"model": "admin.logentry", "pk": 57, "fields": {"action_time": "2019-09-09T18:30:54.276Z", "user": 1, "content_type": 7, "object_id": "6", "object_repr": "python", "action_flag": 3, "change_message": ""}}, {"model": "admin.logentry", "pk": 58, "fields": {"action_time": "2019-09-09T18:30:54.277Z", "user": 1, "content_type": 7, "object_id": "5", "object_repr": "aaaa", "action_flag": 3, "change_message": ""}}]